Jurassic World, http://screenrant.com/wp-content/uploads/jurassic-world-poster-mosasaurus.jpg, 
Ruby Sparks, http://www.phoenixfilmfestival.com/wp-content/uploads/ruby-sparks-poster.jpg, 
Space Jame, ./pics/spacejame.png, 
2001 A Space Odyssey, http://www.musicboxtheatre.com/assets/posters/2001-a-space-odyssey-poster.jpeg, 
Back to the Future, http://vignette1.wikia.nocookie.net/bttf/images/5/52/Back_to_the_future.jpg, 
Catching Fire, https://pgsramblings.files.wordpress.com/2014/09/the-hunger-games-catching-fire.jpg, 
Finding Nemo, http://img3.wikia.nocookie.net/__cb20150108180911/disney/images/8/89/Finding_Nemo_-_Poster.jpg, 
Monty Python and the Holy Grail, http://media.sdreader.com/img/movies/2015/monty-python-and-the-holy-grail.jpg, 
500 Days of Summer, http://reface.me/wp-content/uploads/500-days-of-summer-poster.jpg, 
Scott Pilgrim vs. the World, http://images.moviepostershop.com/scott-pilgrim-vs-the-world-movie-poster-2010-1020561018.jpg, 
Spirited Away, http://www.nausicaa.net/miyazaki/sen/poster_images/USA_full.jpg, 
The Peanuts Movie,http://i0.wp.com/bitcast-a-sm.bitgravity.com/slashfilm/wp/wp-content/images/Peanuts-movie-poster.jpg,
Star Wars,http://dailyorange.s3.amazonaws.com/wp-content/uploads/2015/07/star-wars-iv-a-new-hope-poster1.jpg,
Fiddler on the Roof,https://upload.wikimedia.org/wikipedia/en/5/5e/Fiddler_on_the_roof.jpg,
Kiki's Delivery Service,http://cdn.collider.com/wp-content/uploads/kikis-delivery-service-poster.jpg,
